{"Toutes": {"A0": 1652.739664975088, "A1": 105.69645427629334, "A2": 0, "A3": 0, "A0inf": -2121.3077556083317, "A1inf": 104.65301332409958, "A2inf": 0, "A3inf": 0, "A0sup": 5426.787085558508, "A1sup": 106.7398952284871, "A2sup": 0, "A3sup": 0}, "BATIMENT TECHNIQUE": {"A0": 1652.739664975088, "A1": 105.69645427629334, "A2": 0, "A3": 0, "A0inf": -2121.3077556083317, "A1inf": 104.65301332409958, "A2inf": 0, "A3inf": 0, "A0sup": 5426.787085558508, "A1sup": 106.7398952284871, "A2sup": 0, "A3sup": 0}, "BUREAU": {"A0": 40197.57680725392, "A1": 71.54729931672584, "A2": 0, "A3": 0, "A0inf": 35316.52661914329, "A1inf": 70.43585639652186, "A2inf": 0, "A3inf": 0, "A0sup": 45078.62699536455, "A1sup": 72.65874223692983, "A2sup": 0, "A3sup": 0}, "LOGEMENT": {"A0": -235.19529919468914, "A1": 61.51933457663391, "A2": 0, "A3": 0, "A0inf": -1566.954565217042, "A1inf": 60.179642444502505, "A2inf": 0, "A3inf": 0, "A0sup": 1096.5639668276638, "A1sup": 62.85902670876531, "A2sup": 0, "A3sup": 0}, "ECLUSE": {"A0": 1652.739664975088, "A1": 105.69645427629334, "A2": 0, "A3": 0, "A0inf": -2121.3077556083317, "A1inf": 104.65301332409958, "A2inf": 0, "A3inf": 0, "A0sup": 5426.787085558508, "A1sup": 106.7398952284871, "A2sup": 0, "A3sup": 0}, "USINE \u00c9L\u00c9VATOIRE": {"A0": 1652.739664975088, "A1": 105.69645427629334, "A2": 0, "A3": 0, "A0inf": -2121.3077556083317, "A1inf": 104.65301332409958, "A2inf": 0, "A3inf": 0, "A0sup": 5426.787085558508, "A1sup": 106.7398952284871, "A2sup": 0, "A3sup": 0}, "BORNE \u00c9L\u00c9CTRIQUE": {"A0": 1652.739664975088, "A1": 105.69645427629334, "A2": 0, "A3": 0, "A0inf": -2121.3077556083317, "A1inf": 104.65301332409958, "A2inf": 0, "A3inf": 0, "A0sup": 5426.787085558508, "A1sup": 106.7398952284871, "A2sup": 0, "A3sup": 0}, "AUTRE": {"A0": 1652.739664975088, "A1": 105.69645427629334, "A2": 0, "A3": 0, "A0inf": -2121.3077556083317, "A1inf": 104.65301332409958, "A2inf": 0, "A3inf": 0, "A0sup": 5426.787085558508, "A1sup": 106.7398952284871, "A2sup": 0, "A3sup": 0}, "B\u00c2TIMENT TECHNIQUE": {"A0": -624.1997472791263, "A1": 164.2529522672609, "A2": 0, "A3": 0, "A0inf": -6456.803021202996, "A1inf": 159.8883513676351, "A2inf": 0, "A3inf": 0, "A0sup": 5208.403526644744, "A1sup": 168.6175531668867, "A2sup": 0, "A3sup": 0}, "BARRAGE MIXTE ET MOBILE": {"A0": 1652.739664975088, "A1": 105.69645427629334, "A2": 0, "A3": 0, "A0inf": -2121.3077556083317, "A1inf": 104.65301332409958, "A2inf": 0, "A3inf": 0, "A0sup": 5426.787085558508, "A1sup": 106.7398952284871, "A2sup": 0, "A3sup": 0}, "COMMERCE": {"A0": 1652.739664975088, "A1": 105.69645427629334, "A2": 0, "A3": 0, "A0inf": -2121.3077556083317, "A1inf": 104.65301332409958, "A2inf": 0, "A3inf": 0, "A0sup": 5426.787085558508, "A1sup": 106.7398952284871, "A2sup": 0, "A3sup": 0}, "B\u00c2TIMENT SANITAIRE OU SOCIAL": {"A0": 48075.545764341136, "A1": 184.24200917545164, "A2": 0, "A3": 0, "A0inf": -21403.132125694698, "A1inf": 174.65408811645008, "A2inf": 0, "A3inf": 0, "A0sup": 117554.22365437697, "A1sup": 193.8299302344532, "A2sup": 0, "A3sup": 0}, "OUVRAGES D'ART R\u00c9SEAUX VOIRIES": {"A0": 1652.739664975088, "A1": 105.69645427629334, "A2": 0, "A3": 0, "A0inf": -2121.3077556083317, "A1inf": 104.65301332409958, "A2inf": 0, "A3inf": 0, "A0sup": 5426.787085558508, "A1sup": 106.7398952284871, "A2sup": 0, "A3sup": 0}, "B\u00c2TIMENT CULTUREL": {"A0": 1652.739664975088, "A1": 105.69645427629334, "A2": 0, "A3": 0, "A0inf": -2121.3077556083317, "A1inf": 104.65301332409958, "A2inf": 0, "A3inf": 0, "A0sup": 5426.787085558508, "A1sup": 106.7398952284871, "A2sup": 0, "A3sup": 0}, "B\u00c2T. ENSEIGNEMENT OU SPORT": {"A0": -126306.27158404415, "A1": 156.64172211219304, "A2": 0, "A3": 0, "A0inf": -151617.78107193092, "A1inf": 153.4521005943966, "A2inf": 0, "A3inf": 0, "A0sup": -100994.76209615738, "A1sup": 159.83134362998948, "A2sup": 0, "A3sup": 0}, "ESPACE NATUREL": {"A0": 1652.739664975088, "A1": 105.69645427629334, "A2": 0, "A3": 0, "A0inf": -2121.3077556083317, "A1inf": 104.65301332409958, "A2inf": 0, "A3inf": 0, "A0sup": 5426.787085558508, "A1sup": 106.7398952284871, "A2sup": 0, "A3sup": 0}, "STATION DE POMPAGE": {"A0": 1652.739664975088, "A1": 105.69645427629334, "A2": 0, "A3": 0, "A0inf": -2121.3077556083317, "A1inf": 104.65301332409958, "A2inf": 0, "A3inf": 0, "A0sup": 5426.787085558508, "A1sup": 106.7398952284871, "A2sup": 0, "A3sup": 0}, "ESPACE AM\u00c9NAG\u00c9": {"A0": 1652.739664975088, "A1": 105.69645427629334, "A2": 0, "A3": 0, "A0inf": -2121.3077556083317, "A1inf": 104.65301332409958, "A2inf": 0, "A3inf": 0, "A0sup": 5426.787085558508, "A1sup": 106.7398952284871, "A2sup": 0, "A3sup": 0}, "B\u00c2TIMENT AGRICOLE OU D'\u00c9LEVAGE": {"A0": 1652.739664975088, "A1": 105.69645427629334, "A2": 0, "A3": 0, "A0inf": -2121.3077556083317, "A1inf": 104.65301332409958, "A2inf": 0, "A3inf": 0, "A0sup": 5426.787085558508, "A1sup": 106.7398952284871, "A2sup": 0, "A3sup": 0}, "TUNNEL CANAL": {"A0": 1652.739664975088, "A1": 105.69645427629334, "A2": 0, "A3": 0, "A0inf": -2121.3077556083317, "A1inf": 104.65301332409958, "A2inf": 0, "A3inf": 0, "A0sup": 5426.787085558508, "A1sup": 106.7398952284871, "A2sup": 0, "A3sup": 0}, "MONUMENT ET M\u00c9MORIAL": {"A0": 1652.739664975088, "A1": 105.69645427629334, "A2": 0, "A3": 0, "A0inf": -2121.3077556083317, "A1inf": 104.65301332409958, "A2inf": 0, "A3inf": 0, "A0sup": 5426.787085558508, "A1sup": 106.7398952284871, "A2sup": 0, "A3sup": 0}, "BARRAGE R\u00c9SERVOIR": {"A0": 1652.739664975088, "A1": 105.69645427629334, "A2": 0, "A3": 0, "A0inf": -2121.3077556083317, "A1inf": 104.65301332409958, "A2inf": 0, "A3inf": 0, "A0sup": 5426.787085558508, "A1sup": 106.7398952284871, "A2sup": 0, "A3sup": 0}, "BARRAGE FIXE": {"A0": 1652.739664975088, "A1": 105.69645427629334, "A2": 0, "A3": 0, "A0inf": -2121.3077556083317, "A1inf": 104.65301332409958, "A2inf": 0, "A3inf": 0, "A0sup": 5426.787085558508, "A1sup": 106.7398952284871, "A2sup": 0, "A3sup": 0}, "R\u00c9SEAUX ET VOIRIES": {"A0": 1652.739664975088, "A1": 105.69645427629334, "A2": 0, "A3": 0, "A0inf": -2121.3077556083317, "A1inf": 104.65301332409958, "A2inf": 0, "A3inf": 0, "A0sup": 5426.787085558508, "A1sup": 106.7398952284871, "A2sup": 0, "A3sup": 0}, "PONT MOBILE": {"A0": 1652.739664975088, "A1": 105.69645427629334, "A2": 0, "A3": 0, "A0inf": -2121.3077556083317, "A1inf": 104.65301332409958, "A2inf": 0, "A3inf": 0, "A0sup": 5426.787085558508, "A1sup": 106.7398952284871, "A2sup": 0, "A3sup": 0}, "SIPHON": {"A0": 1652.739664975088, "A1": 105.69645427629334, "A2": 0, "A3": 0, "A0inf": -2121.3077556083317, "A1inf": 104.65301332409958, "A2inf": 0, "A3inf": 0, "A0sup": 5426.787085558508, "A1sup": 106.7398952284871, "A2sup": 0, "A3sup": 0}, "D\u00c9VERSOIR": {"A0": 1652.739664975088, "A1": 105.69645427629334, "A2": 0, "A3": 0, "A0inf": -2121.3077556083317, "A1inf": 104.65301332409958, "A2inf": 0, "A3inf": 0, "A0sup": 5426.787085558508, "A1sup": 106.7398952284871, "A2sup": 0, "A3sup": 0}, "AQUEDUC": {"A0": 1652.739664975088, "A1": 105.69645427629334, "A2": 0, "A3": 0, "A0inf": -2121.3077556083317, "A1inf": 104.65301332409958, "A2inf": 0, "A3inf": 0, "A0sup": 5426.787085558508, "A1sup": 106.7398952284871, "A2sup": 0, "A3sup": 0}, "ESPACE AMENAGE": {"A0": 1652.739664975088, "A1": 105.69645427629334, "A2": 0, "A3": 0, "A0inf": -2121.3077556083317, "A1inf": 104.65301332409958, "A2inf": 0, "A3inf": 0, "A0sup": 5426.787085558508, "A1sup": 106.7398952284871, "A2sup": 0, "A3sup": 0}, "PONT": {"A0": 1652.739664975088, "A1": 105.69645427629334, "A2": 0, "A3": 0, "A0inf": -2121.3077556083317, "A1inf": 104.65301332409958, "A2inf": 0, "A3inf": 0, "A0sup": 5426.787085558508, "A1sup": 106.7398952284871, "A2sup": 0, "A3sup": 0}, "PENTE D'EAU ET ASCENSEUR": {"A0": 1652.739664975088, "A1": 105.69645427629334, "A2": 0, "A3": 0, "A0inf": -2121.3077556083317, "A1inf": 104.65301332409958, "A2inf": 0, "A3inf": 0, "A0sup": 5426.787085558508, "A1sup": 106.7398952284871, "A2sup": 0, "A3sup": 0}, "": {"A0": 1652.739664975088, "A1": 105.69645427629334, "A2": 0, "A3": 0,